disease,drug
MIM217200,D00006
MIM239350,D00006
MIM261515,D00012
MIM206200,D00018
MIM240400,D00018
MIM250790,D00018
MIM173200,D00023
MIM179800,D00037
MIM179830,D00037
MIM310468,D00037
MIM604278,D00037
MIM194200,D00045
MIM144010,D00049
MIM144650,D00049
MIM145590,D00050
MIM102300,D00059
MIM168100,D00059
MIM225740,D00065
MIM225755,D00065
MIM260970,D00065
MIM608033,D00065
MIM217200,D00066
MIM215470,D00067
MIM311360,D00067
MIM147530,D00068
MIM115300,D00069
MIM277350,D00069
MIM114480,D00075
MIM215470,D00075
MIM241100,D00075
MIM146500,D00076
MIM231090,D00079
MIM125600,D00088
MIM166760,D00088
MIM233810,D00088
MIM145100,D00094
MIM145200,D00094
MIM151590,D00094
MIM182000,D00094
MIM276300,D00094
MIM604416,D00094
MIM137750,D00095
MIM137760,D00095
MIM147540,D00095
MIM208550,D00095
MIM600807,D00095
MIM601682,D00095
MIM106400,D00097
MIM125600,D00097
MIM147530,D00097
MIM604416,D00097
MIM125700,D00101
MIM304900,D00101
MIM102500,D00105
MIM114480,D00105
MIM176807,D00105
MIM215470,D00105
MIM311360,D00105
MIM161900,D00106
MIM178600,D00106
MIM188030,D00106
MIM603165,D00107
MIM107320,D00109
MIM125310,D00109
MIM140600,D00109
MIM145590,D00109
MIM147530,D00109
MIM150600,D00109
MIM152700,D00109
MIM157300,D00109
MIM165720,D00109
MIM208230,D00109
MIM601367,D00109
MIM607459,D00109
MIM607850,D00109
MIM147530,D00110
MIM608088,D00110
MIM190310,D00113
MIM226150,D00113
MIM133600,D00118
MIM133690,D00118
MIM140600,D00118
MIM145590,D00118
MIM147530,D00118
MIM150600,D00118
MIM157300,D00118
MIM165720,D00118
MIM208230,D00118
MIM252320,D00118
MIM607459,D00118
MIM607850,D00118
MIM133690,D00120
MIM140600,D00120
MIM147530,D00120
MIM165720,D00120
MIM175100,D00120
MIM208230,D00120
MIM607459,D00120
MIM607850,D00120
MIM208550,D00124
MIM600807,D00124
MIM182280,D00125
MIM236000,D00125
MIM273300,D00125
MIM276300,D00125
MIM140600,D00126
MIM145590,D00126
MIM147530,D00126
MIM150600,D00126
MIM165720,D00126
MIM208230,D00126
MIM252320,D00126
MIM607459,D00126
MIM607850,D00126
MIM140600,D00127
MIM165720,D00127
MIM208230,D00127
MIM607459,D00127
MIM607850,D00127
MIM146255,D00129
MIM277440,D00129
MIM277460,D00129
MIM140600,D00130
MIM147530,D00130
MIM165720,D00130
MIM208230,D00130
MIM607459,D00130
MIM607850,D00130
MIM103780,D00131
MIM140600,D00132
MIM145590,D00132
MIM165720,D00132
MIM208230,D00132
MIM607459,D00132
MIM607850,D00132
MIM127750,D00136
MIM137580,D00136
MIM181500,D00136
MIM182830,D00136
MIM107550,D00138
MIM125320,D00138
MIM158280,D00138
MIM168100,D00138
MIM168600,D00138
MIM190310,D00138
MIM226150,D00138
MIM604416,D00140
MIM133600,D00141
MIM133690,D00141
MIM140600,D00141
MIM147530,D00141
MIM157300,D00141
MIM165720,D00141
MIM208230,D00141
MIM246400,D00141
MIM263800,D00141
MIM602522,D00141
MIM607459,D00141
MIM607850,D00141
MIM109543,D00142
MIM109800,D00142
MIM114480,D00142
MIM114500,D00142
MIM133239,D00142
MIM137215,D00142
MIM151590,D00142
MIM182280,D00142
MIM208920,D00142
MIM223350,D00142
MIM231090,D00142
MIM233810,D00142
MIM236000,D00142
MIM246470,D00142
MIM247640,D00142
MIM254400,D00142
MIM259500,D00142
MIM267730,D00142
MIM268220,D00142
MIM273300,D00142
MIM276300,D00142
MIM601626,D00142
MIM166760,D00145
MIM208550,D00145
MIM604416,D00145
MIM144110,D00147
MIM190310,D00147
MIM200170,D00147
MIM226150,D00147
MIM260570,D00147
MIM276300,D00155
MIM170900,D00166
MIM109543,D00168
MIM223350,D00168
MIM236000,D00168
MIM246470,D00168
MIM247640,D00168
MIM267730,D00168
MIM276300,D00168
MIM601626,D00168
MIM188050,D00181
MIM102500,D00182
MIM131200,D00182
MIM184700,D00182
MIM192000,D00182
MIM215470,D00182
MIM604416,D00182
MIM152700,D00184
MIM254200,D00184
MIM145590,D00186
MIM166760,D00186
MIM208550,D00186
MIM258360,D00186
MIM266600,D00186
MIM146255,D00187
MIM241519,D00187
MIM259660,D00187
MIM277440,D00187
MIM102500,D00188
MIM166710,D00188
MIM266600,D00188
MIM161900,D00197
MIM608622,D00197
MIM137400,D00201
MIM600263,D00201
MIM604416,D00201
MIM109800,D00208
MIM137215,D00208
MIM246300,D00211
MIM125850,D00216
MIM125851,D00216
MIM125853,D00216
MIM600496,D00216
MIM140600,D00217
MIM145590,D00217
MIM147530,D00217
MIM157300,D00217
MIM608088,D00217
MIM147480,D00218
MIM215140,D00218
MIM217200,D00218
MIM239350,D00218
MIM243200,D00218
MIM600351,D00218
MIM125850,D00219
MIM125851,D00219
MIM125853,D00219
MIM600496,D00219
MIM268320,D00222
MIM310468,D00224
MIM602068,D00224
MIM167870,D00225
MIM252320,D00225
MIM276300,D00226
MIM208550,D00227
MIM210050,D00227
MIM600807,D00227
MIM212110,D00231
MIM147540,D00234
MIM110100,D00235
MIM157700,D00235
MIM134750,D00237
MIM126200,D00238
MIM152700,D00238
MIM160300,D00238
MIM181000,D00238
MIM188030,D00238
MIM208920,D00238
MIM233810,D00238
MIM254200,D00238
MIM266600,D00238
MIM126200,D00241
MIM128101,D00241
MIM143100,D00241
MIM147530,D00241
MIM189600,D00241
MIM190400,D00241
MIM601042,D00241
MIM607225,D00241
MIM608088,D00242
MIM145590,D00243
MIM125600,D00244
MIM133600,D00244
MIM151590,D00244
MIM603165,D00244
MIM191390,D00246
MIM208550,D00246
MIM210050,D00246
MIM266600,D00246
MIM600807,D00246
MIM146255,D00247
MIM161900,D00247
MIM166300,D00247
MIM203700,D00247
MIM208300,D00247
MIM210050,D00247
MIM215140,D00247
MIM256370,D00247
MIM600351,D00247
MIM608622,D00247
MIM223350,D00248
MIM246470,D00248
MIM254450,D00248
MIM263300,D00248
MIM276300,D00248
MIM143880,D00249
MIM166710,D00249
MIM167320,D00249
MIM602080,D00249
MIM146255,D00251
MIM161900,D00251
MIM179600,D00251
MIM215140,D00251
MIM600351,D00251
MIM602522,D00251
MIM608622,D00251
MIM102300,D00252
MIM104130,D00252
MIM128101,D00252
MIM165199,D00252
MIM181500,D00252
MIM190400,D00252
MIM109543,D00254
MIM137800,D00254
MIM236000,D00254
MIM247640,D00254
MIM254500,D00254
MIM267730,D00254
MIM276300,D00254
MIM161900,D00255
MIM607554,D00255
MIM608622,D00255
MIM103780,D00267
MIM226150,D00267
MIM145590,D00270
MIM181500,D00270
MIM125850,D00271
MIM125851,D00271
MIM125853,D00271
MIM600496,D00271
MIM161900,D00272
MIM608622,D00272
MIM304790,D00274
MIM109800,D00275
MIM133239,D00275
MIM182280,D00275
MIM236000,D00275
MIM254500,D00275
MIM256700,D00275
MIM259500,D00275
MIM273300,D00275
MIM276300,D00275
MIM144650,D00279
MIM102100,D00280
MIM102300,D00280
MIM140600,D00280
MIM165720,D00280
MIM167870,D00280
MIM181500,D00280
MIM208230,D00280
MIM254770,D00280
MIM254800,D00280
MIM607459,D00280
MIM607850,D00280
MIM102300,D00281
MIM137580,D00281
MIM143465,D00281
MIM144110,D00281
MIM147530,D00281
MIM161900,D00281
MIM171300,D00281
MIM601042,D00281
MIM607554,D00281
MIM608622,D00281
MIM114580,D00282
MIM212050,D00282
MIM181500,D00283
MIM155600,D00288
MIM155601,D00288
MIM236000,D00288
MIM256700,D00288
MIM268220,D00288
MIM276300,D00288
MIM131200,D00289
MIM215140,D00289
MIM600351,D00289
MIM601608,D00289
MIM125700,D00291
MIM134430,D00291
MIM304900,D00291
MIM600631,D00291
MIM600808,D00291
MIM125600,D00292
MIM133600,D00292
MIM145590,D00292
MIM152700,D00292
MIM153880,D00292
MIM166760,D00292
MIM181000,D00292
MIM188030,D00292
MIM208550,D00292
MIM215140,D00292
MIM223350,D00292
MIM233810,D00292
MIM254400,D00292
MIM276300,D00292
MIM600351,D00292
MIM601608,D00292
MIM156000,D00293
MIM217200,D00293
MIM601042,D00293
MIM109350,D00295
MIM190310,D00295
MIM264120,D00295
MIM304790,D00295
MIM607554,D00298
MIM608583,D00298
MIM146255,D00299
MIM241519,D00299
MIM145590,D00300
MIM147540,D00300
MIM158280,D00300
MIM608088,D00300
MIM601367,D00302
MIM115000,D00303
MIM157300,D00304
MIM300125,D00304
MIM109100,D00306
MIM161900,D00313
MIM203700,D00313
MIM208300,D00313
MIM210050,D00313
MIM215140,D00313
MIM256370,D00313
MIM600351,D00313
MIM608622,D00313
MIM140600,D00315
MIM147530,D00315
MIM165720,D00315
MIM208230,D00315
MIM607459,D00315
MIM607850,D00315
MIM109350,D00318
MIM190310,D00318
MIM304790,D00318
MIM600263,D00318
MIM161900,D00319
MIM179600,D00319
MIM608622,D00319
MIM147530,D00320
MIM104130,D00321
MIM109200,D00321
MIM147530,D00321
MIM200170,D00321
MIM600082,D00321
MIM114580,D00323
MIM212050,D00323
MIM208550,D00324
MIM600807,D00324
MIM114480,D00327
MIM215470,D00327
MIM241100,D00327
MIM233810,D00328
MIM103100,D00330
MIM140600,D00330
MIM153880,D00330
MIM165720,D00330
MIM208230,D00330
MIM607459,D00330
MIM607850,D00330
MIM143880,D00331
MIM146255,D00331
MIM161900,D00331
MIM166300,D00331
MIM203700,D00331
MIM208300,D00331
MIM210050,D00331
MIM215140,D00331
MIM256370,D00331
MIM600351,D00331
MIM608622,D00331
MIM102300,D00332
MIM144110,D00332
MIM147530,D00332
MIM157300,D00332
MIM165199,D00332
MIM190300,D00332
MIM208700,D00332
MIM267740,D00332
MIM300491,D00332
MIM600131,D00332
MIM604827,D00332
MIM607628,D00332
MIM607631,D00332
MIM607681,D00332
MIM607682,D00332
MIM608105,D00332
MIM144010,D00334
MIM144650,D00334
MIM260480,D00334
MIM125850,D00335
MIM125851,D00335
MIM125853,D00335
MIM600496,D00335
MIM125850,D00336
MIM125851,D00336
MIM125853,D00336
MIM600496,D00336
MIM102500,D00340
MIM125700,D00340
MIM161900,D00340
MIM208300,D00340
MIM215140,D00340
MIM600351,D00340
MIM608622,D00340
MIM144700,D00341
MIM155600,D00341
MIM155601,D00341
MIM187950,D00341
MIM263300,D00341
MIM276300,D00341
MIM605839,D00341
MIM109543,D00343
MIM151400,D00343
MIM236000,D00343
MIM247640,D00343
MIM273300,D00343
MIM276300,D00343
MIM161900,D00345
MIM215140,D00345
MIM256370,D00345
MIM600351,D00345
MIM608622,D00345
MIM601626,D00348
MIM604416,D00348
MIM161900,D00349
MIM179600,D00349
MIM608622,D00349
MIM114580,D00350
MIM212050,D00350
MIM258360,D00350
MIM602068,D00350
MIM102100,D00354
MIM181500,D00354
MIM217200,D00354
MIM239350,D00354
MIM109350,D00355
MIM190310,D00355
MIM600263,D00355
MIM137750,D00356
MIM137760,D00356
MIM161900,D00356
MIM601682,D00356
MIM147530,D00358
MIM144010,D00359
MIM608320,D00359
MIM125310,D00362
MIM146255,D00362
MIM161900,D00362
MIM608320,D00362
MIM608622,D00362
MIM167870,D00365
MIM189600,D00365
MIM252320,D00365
MIM254500,D00369
MIM256700,D00369
MIM268220,D00369
MIM208550,D00371
MIM210050,D00371
MIM600807,D00371
MIM181500,D00373
MIM181500,D00374
MIM104130,D00375
MIM145590,D00376
MIM200170,D00376
MIM601042,D00376
MIM266600,D00377
MIM137750,D00378
MIM137760,D00378
MIM157300,D00378
MIM161900,D00378
MIM300125,D00378
MIM601682,D00378
MIM608622,D00378
MIM125850,D00379
MIM125851,D00379
MIM125853,D00379
MIM600496,D00379
MIM125850,D00380
MIM125851,D00380
MIM125853,D00380
MIM600496,D00380
MIM146255,D00382
MIM161900,D00382
MIM166300,D00382
MIM208300,D00382
MIM215140,D00382
MIM600351,D00382
MIM608622,D00382
MIM146255,D00383
MIM161900,D00383
MIM608622,D00383
MIM104130,D00385
MIM114580,D00385
MIM133600,D00385
MIM147540,D00385
MIM148100,D00385
MIM151590,D00385
MIM152700,D00385
MIM165199,D00385
MIM173200,D00385
MIM181000,D00385
MIM188030,D00385
MIM208550,D00385
MIM223350,D00385
MIM203700,D00386
MIM208300,D00386
MIM210050,D00386
MIM215140,D00386
MIM600351,D00386
MIM145590,D00390
MIM147530,D00390
MIM104130,D00399
MIM104300,D00399
MIM125320,D00399
MIM181500,D00399
MIM217200,D00399
MIM239350,D00399
MIM605055,D00399
MIM161900,D00400
MIM608622,D00400
MIM275000,D00401
MIM147530,D00403
MIM109100,D00407
MIM140600,D00407
MIM146850,D00407
MIM147540,D00407
MIM208550,D00407
MIM276300,D00407
MIM208550,D00411
MIM208550,D00414
MIM600807,D00414
MIM157300,D00415
MIM104130,D00418
MIM161900,D00418
MIM608622,D00418
MIM140600,D00419
MIM190310,D00419
MIM146255,D00421
MIM161900,D00421
MIM608622,D00421
MIM109350,D00422
MIM190310,D00422
MIM304790,D00422
MIM140600,D00425
MIM147530,D00425
MIM137580,D00426
MIM181500,D00426
MIM182830,D00426
MIM225740,D00426
MIM225755,D00426
MIM260970,D00426
MIM300494,D00426
MIM608033,D00426
MIM145590,D00428
MIM147530,D00428
MIM109100,D00429
MIM161900,D00431
MIM215140,D00431
MIM608622,D00431
MIM110100,D00432
MIM157700,D00432
MIM161900,D00432
MIM190300,D00432
MIM190310,D00432
MIM608622,D00432
MIM144010,D00434
MIM161900,D00437
MIM179600,D00437
MIM608622,D00437
MIM125310,D00438
MIM601367,D00438
MIM109350,D00440
MIM190310,D00440
MIM304790,D00440
MIM600263,D00440
MIM125852,D00442
MIM104130,D00443
MIM161900,D00443
MIM208300,D00443
MIM215140,D00443
MIM600351,D00443
MIM604416,D00443
MIM608622,D00443
MIM109350,D00446
MIM161900,D00446
MIM190310,D00446
MIM104130,D00448
MIM266600,D00448
MIM157300,D00451
MIM300125,D00451
MIM166760,D00453
MIM600263,D00453
MIM164230,D00454
MIM181500,D00454
MIM300494,D00454
MIM109350,D00455
MIM190310,D00455
MIM304790,D00455
MIM600263,D00455
MIM103780,D00456
MIM145590,D00456
MIM164230,D00456
MIM140600,D00463
MIM165720,D00463
MIM208230,D00463
MIM607459,D00463
MIM607850,D00463
MIM144110,D00465
MIM254200,D00469
MIM181460,D00471
MIM126200,D00472
MIM146850,D00472
MIM147540,D00472
MIM215140,D00472
MIM276300,D00472
MIM304790,D00472
MIM600351,D00472
MIM109100,D00473
MIM125600,D00473
MIM126200,D00473
MIM133600,D00473
MIM143880,D00473
MIM146850,D00473
MIM147540,D00473
MIM151590,D00473
MIM152700,D00473
MIM157300,D00473
MIM181000,D00473
MIM188030,D00473
MIM205700,D00473
MIM208550,D00473
MIM208920,D00473
MIM223350,D00473
MIM233810,D00473
MIM247640,D00473
MIM254400,D00473
MIM276300,D00473
MIM304790,D00473
MIM600351,D00473
MIM121201,D00474
MIM132090,D00474
MIM132100,D00474
MIM132300,D00474
MIM190300,D00474
MIM190310,D00474
MIM208700,D00474
MIM217200,D00474
MIM267740,D00474
MIM300491,D00474
MIM600131,D00474
MIM604827,D00474
MIM607628,D00474
MIM607631,D00474
MIM607681,D00474
MIM607682,D00474
MIM608105,D00474
MIM252320,D00487
MIM254200,D00487
MIM114480,D00491
MIM148000,D00491
MIM194070,D00491
MIM145590,D00493
MIM182830,D00493
MIM225740,D00493
MIM225755,D00493
MIM260970,D00493
MIM608033,D00493
MIM147540,D00494
MIM158280,D00494
MIM608088,D00494
MIM147530,D00498
MIM125310,D00501
MIM188050,D00501
MIM540000,D00501
MIM601367,D00501
MIM121200,D00506
MIM121201,D00506
MIM143500,D00506
MIM190310,D00506
MIM208085,D00506
MIM217200,D00506
MIM218800,D00506
MIM226150,D00506
MIM237450,D00506
MIM237500,D00506
MIM308600,D00506
MIM608217,D00506
MIM104130,D00512
MIM115000,D00512
MIM165199,D00512
MIM217200,D00512
MIM161900,D00513
MIM608622,D00513
MIM179600,D00515
MIM189800,D00515
MIM109350,D00516
MIM161900,D00516
MIM178600,D00516
MIM608320,D00516
MIM161900,D00519
MIM203700,D00519
MIM210050,D00519
MIM215140,D00519
MIM256370,D00519
MIM600351,D00519
MIM608622,D00519
MIM147540,D00521
MIM161900,D00522
MIM608622,D00522
MIM125850,D00523
MIM125851,D00523
MIM125853,D00523
MIM146255,D00523
MIM161900,D00523
MIM600496,D00523
MIM608622,D00523
MIM161900,D00525
MIM136200,D00528
MIM140600,D00528
MIM145590,D00528
MIM147530,D00528
MIM157300,D00528
MIM208700,D00533
MIM217200,D00533
MIM267740,D00533
MIM300491,D00533
MIM600131,D00533
MIM604827,D00533
MIM607628,D00533
MIM607631,D00533
MIM607681,D00533
MIM607682,D00533
MIM608105,D00533
MIM217200,D00535
MIM308350,D00535
MIM605021,D00535
MIM102100,D00536
MIM147530,D00537
MIM157300,D00537
MIM264120,D00537
MIM300125,D00537
MIM308350,D00537
MIM605021,D00537
MIM607499,D00537
MIM190300,D00538
MIM208700,D00538
MIM217200,D00538
MIM239350,D00538
MIM267740,D00538
MIM300491,D00538
MIM600131,D00538
MIM604827,D00538
MIM607628,D00538
MIM607631,D00538
MIM607681,D00538
MIM607682,D00538
MIM608105,D00538
MIM217200,D00539
MIM147530,D00546
MIM161900,D00546
MIM608622,D00546
MIM147530,D00552
MIM166760,D00552
MIM147530,D00553
MIM102500,D00554
MIM131200,D00554
MIM184700,D00554
MIM192000,D00554
MIM215470,D00554
MIM311360,D00554
MIM604416,D00554
MIM217200,D00555
MIM239350,D00555
MIM102300,D00558
MIM125320,D00558
MIM168100,D00558
MIM168600,D00558
MIM102300,D00559
MIM125320,D00559
MIM168100,D00559
MIM168600,D00559
MIM275000,D00562
MIM144010,D00565
MIM144650,D00565
MIM135550,D00567
MIM140600,D00567
MIM147530,D00567
MIM165720,D00567
MIM175100,D00567
MIM175505,D00567
MIM208230,D00567
MIM246470,D00567
MIM607459,D00567
MIM607850,D00567
MIM157300,D00568
MIM249100,D00570
MIM114480,D00573
MIM131200,D00573
MIM176807,D00573
MIM601518,D00573
MIM268320,D00574
MIM276300,D00577
MIM106400,D00584
MIM114480,D00584
MIM114500,D00584
MIM137215,D00584
MIM276300,D00584
MIM176807,D00586
MIM125850,D00593
MIM125851,D00593
MIM125853,D00593
MIM600496,D00593
MIM125850,D00594
MIM125851,D00594
MIM125853,D00594
MIM600496,D00594
MIM125850,D00596
MIM125851,D00596
MIM125853,D00596
MIM600496,D00596
MIM161900,D00602
MIM608622,D00602
MIM161900,D00607
MIM608622,D00607
MIM161900,D00613
MIM608622,D00613
MIM161900,D00614
MIM608622,D00614
MIM161900,D00618
MIM179600,D00618
MIM608622,D00618
MIM146255,D00622
MIM161900,D00622
MIM608622,D00622
MIM125850,D00625
MIM125851,D00625
MIM125853,D00625
MIM600496,D00625
MIM145500,D00627
MIM161900,D00627
MIM608622,D00627
MIM109350,D00630
MIM608320,D00630
MIM115000,D00647
MIM607554,D00647
MIM608583,D00647
MIM607554,D00648
MIM608583,D00648
MIM161900,D00650
MIM215140,D00650
MIM256370,D00650
MIM600351,D00650
MIM608622,D00650
MIM137750,D00652
MIM137760,D00652
MIM161900,D00652
MIM601682,D00652
MIM215140,D00656
MIM104300,D00670
MIM125320,D00670
MIM605055,D00670
MIM157300,D00675
MIM157300,D00680
MIM208550,D00684
MIM600807,D00684
MIM208550,D00685
MIM210050,D00685
MIM600807,D00685
MIM208550,D00691
MIM210050,D00691
MIM600807,D00691
MIM217200,D00708
MIM239350,D00708
MIM217200,D00709
MIM239350,D00709
MIM300491,D00709
MIM600131,D00709
MIM604827,D00709
MIM607628,D00709
MIM607631,D00709
MIM607681,D00709
MIM607682,D00709
MIM608105,D00709
MIM109350,D00726
MIM157300,D00726
MIM147530,D00732
MIM147530,D00733
MIM246300,D00754
MIM254500,D00754
MIM171300,D00762
MIM125310,D00769
MIM540000,D00769
MIM601367,D00769
MIM147530,D00771
MIM125320,D00779
MIM168100,D00779
MIM168100,D00781
MIM168600,D00781
MIM168100,D00786
MIM168600,D00786
MIM181500,D00788
MIM164230,D00811
MIM167870,D00811
MIM131300,D00823
MIM164230,D00823
MIM167870,D00823
MIM181500,D00823
MIM252320,D00823
MIM607499,D00823
MIM147530,D00837
MIM147530,D00842
MIM114580,D00882
MIM212050,D00882
MIM144010,D00893
MIM601367,D00893
MIM166760,D00917
MIM208550,D00917
MIM102500,D00939
MIM150600,D00939
MIM166710,D00939
MIM167320,D00939
MIM602080,D00939
MIM102400,D00941
MIM102500,D00941
MIM114480,D00941
MIM143880,D00941
MIM166300,D00941
MIM166710,D00941
MIM167320,D00941
MIM254500,D00941
MIM276300,D00941
MIM102500,D00942
MIM166710,D00942
MIM167320,D00942
MIM602080,D00942
MIM131200,D00950
MIM184700,D00950
MIM192000,D00950
MIM102500,D00951
MIM131200,D00951
MIM144700,D00951
MIM192000,D00951
MIM605839,D00951
MIM109100,D00952
MIM114480,D00952
MIM192000,D00952
MIM114480,D00960
MIM174800,D00960
MIM176807,D00961
MIM270960,D00962
MIM114480,D00963
MIM114480,D00964
MIM114480,D00966
MIM174800,D00966
MIM140600,D00968
MIM147530,D00968
MIM165720,D00968
MIM208230,D00968
MIM607459,D00968
MIM607850,D00968
MIM133690,D00969
MIM140600,D00969
MIM165720,D00969
MIM208230,D00969
MIM607459,D00969
MIM607850,D00969
MIM600634,D00987
MIM109350,D01000
MIM157950,D01000
MIM191800,D01000
MIM254200,D01001
MIM127350,D01108
MIM189800,D01108
MIM217200,D01108
MIM239350,D01108
MIM248190,D01108
MIM125850,D01111
MIM125851,D01111
MIM125853,D01111
MIM600496,D01111
MIM604416,D01112
MIM134430,D01136
MIM134500,D01136
MIM134510,D01136
MIM134520,D01136
MIM227300,D01136
MIM114480,D01161
MIM164230,D01164
MIM181500,D01164
MIM109350,D01167
MIM190310,D01167
MIM147530,D01179
MIM165199,D01179
MIM206200,D01194
MIM161900,D01204
MIM608622,D01204
MIM114480,D01223
MIM114500,D01223
MIM137215,D01223
MIM144700,D01223
MIM176807,D01223
MIM276300,D01223
MIM161900,D01227
MIM178600,D01227
MIM109100,D01276
MIM145500,D01302
MIM161900,D01302
MIM608622,D01302
MIM109800,D01363
MIM133239,D01363
MIM259500,D01363
MIM276300,D01363
MIM114580,D01364
MIM125600,D01364
MIM278200,D01367
MIM109543,D01370
MIM126200,D01370
MIM151400,D01370
MIM258360,D01370
MIM276300,D01370
MIM131440,D01441
MIM247640,D01441
MIM276300,D01441
MIM607685,D01441
MIM608088,D01481
MIM125853,D01599
MIM147530,D01692
MIM200170,D01692
MIM600082,D01692
MIM208550,D01703
MIM208550,D01708
MIM600807,D01708
MIM233810,D01820
MIM603165,D01825
MIM107650,D01832
MIM126200,D01832
MIM136200,D01832
MIM143465,D01832
MIM188050,D01844
MIM109543,D01907
MIM151400,D01907
MIM223350,D01907
MIM236000,D01907
MIM247640,D01907
MIM267730,D01907
MIM276300,D01907
MIM144010,D01915
MIM137750,D01964
MIM137760,D01964
MIM161900,D01964
MIM601682,D01964
MIM102500,D01968
MIM143880,D01968
MIM167320,D01968
MIM254500,D01968
MIM276300,D01968
MIM602080,D01968
MIM605839,D01968
MIM157300,D01973
MIM300125,D01973
MIM607498,D01973
MIM607501,D01973
MIM607508,D01973
MIM607516,D01973
MIM161900,D02008
MIM178600,D02008
MIM115000,D02066
MIM208550,D02066
MIM600807,D02066
MIM137750,D02076
MIM137760,D02076
MIM161900,D02076
MIM601682,D02076
MIM276300,D02106
MIM208550,D02147
MIM600807,D02147
MIM114480,D02165
MIM137215,D02165
MIM155600,D02165
MIM155601,D02165
MIM176807,D02165
MIM276300,D02165
MIM212140,D02176
MIM208550,D02212
MIM210050,D02212
MIM600807,D02212
MIM161900,D02229
MIM178600,D02229
MIM161900,D02237
MIM608622,D02237
MIM167320,D02285
MIM602080,D02285
MIM600803,D02299
MIM145590,D02327
MIM147540,D02327
MIM104300,D02331
MIM125320,D02331
MIM200170,D02331
MIM230450,D02331
MIM231900,D02331
MIM266120,D02331
MIM277460,D02331
MIM605055,D02331
MIM606703,D02331
MIM161900,D02338
MIM608622,D02338
MIM181500,D02340
MIM147530,D02341
MIM110100,D02342
MIM157700,D02342
MIM125310,D02347
MIM126200,D02347
MIM145600,D02347
MIM154276,D02347
MIM217150,D02347
MIM238800,D02347
MIM540000,D02347
MIM601042,D02347
MIM601367,D02347
MIM607225,D02347
MIM137750,D02349
MIM137760,D02349
MIM161900,D02349
MIM601682,D02349
MIM140600,D02355
MIM165720,D02355
MIM208230,D02355
MIM607459,D02355
MIM607850,D02355
MIM115000,D02356
MIM115195,D02356
MIM157300,D02356
MIM161900,D02356
MIM200170,D02356
MIM607554,D02356
MIM608583,D02356
MIM608622,D02356
MIM110100,D02358
MIM157700,D02358
MIM161900,D02358
MIM190300,D02358
MIM607554,D02358
MIM608583,D02358
MIM608622,D02358
MIM131300,D02360
MIM164230,D02360
MIM167870,D02360
MIM252320,D02360
MIM131300,D02362
MIM164230,D02362
MIM167870,D02362
MIM252320,D02362
MIM181000,D02366
MIM131200,D02367
MIM184700,D02367
MIM192000,D02367
MIM114480,D02368
MIM144700,D02368
MIM605839,D02368
MIM137750,D02374
MIM137760,D02374
MIM601682,D02374
MIM113610,D02437
MIM218200,D02437
MIM312910,D02437
MIM106400,D02500
MIM168100,D02562
MIM168600,D02562
MIM181500,D02671
MIM109800,D02697
MIM109543,D02698
MIM182280,D02698
MIM223350,D02698
MIM236000,D02698
MIM247640,D02698
MIM267730,D02698
MIM140600,D02709
MIM165720,D02709
MIM208230,D02709
MIM607459,D02709
MIM607850,D02709
MIM144700,D02714
MIM605839,D02714
MIM102300,D02716
MIM147530,D02716
MIM165199,D02716
MIM145500,D02721
MIM161900,D02721
MIM178600,D02721
MIM608622,D02721
MIM137750,D02724
MIM137760,D02724
MIM161900,D02724
MIM601682,D02724
MIM194200,D02769
MIM103780,D02780
MIM148000,D02815
MIM157300,D02824
MIM115000,D02910
MIM188050,D02980
MIM220120,D02982
MIM247200,D03021
MIM258360,D03021
MIM601004,D03021
MIM604416,D03034
MIM254400,D03106
MIM276300,D03106
MIM254500,D03150
MIM168100,D03165
MIM145590,D03182
MIM157300,D03182
MIM145500,D03208
MIM161900,D03208
MIM608622,D03208
MIM133239,D03327
MIM247640,D03546
MIM140600,D03580
MIM145590,D03580
MIM608088,D03580
MIM145590,D03621
MIM223350,D03658
MIM247640,D03658
MIM276300,D03658
MIM247200,D03665
MIM601004,D03665
MIM155100,D03674
MIM188050,D03674
MIM231200,D03674
MIM273800,D03674
MIM233810,D03696
MIM233810,D03697
MIM208750,D03730
MIM212112,D03730
MIM212130,D03730
MIM212350,D03730
MIM225740,D03730
MIM226000,D03730
MIM305300,D03730
MIM136200,D03740
MIM143465,D03740
MIM145590,D03742
MIM608088,D03742
MIM146255,D03752
MIM161900,D03752
MIM608622,D03752
MIM125310,D03753
MIM146255,D03753
MIM608320,D03753
MIM104300,D03822
MIM125320,D03822
MIM168100,D03822
MIM605055,D03822
MIM145590,D03858
MIM156000,D03858
MIM109800,D03899
MIM114480,D03899
MIM137215,D03899
MIM188470,D03899
MIM194070,D03899
MIM211980,D03899
MIM236000,D03899
MIM247640,D03899
MIM254500,D03899
MIM256700,D03899
MIM259500,D03899
MIM268220,D03899
MIM276300,D03899
MIM601626,D03899
MIM184700,D03917
MIM604416,D03917
MIM114480,D04024
MIM276300,D04024
MIM264120,D04028
MIM303110,D04028
MIM601665,D04028
MIM161900,D04040
MIM608622,D04040
MIM176807,D04066
MIM601518,D04066
MIM102500,D04070
MIM114480,D04070
MIM176807,D04070
MIM192000,D04070
MIM215470,D04070
MIM311360,D04070
MIM601518,D04070
MIM104300,D04292
MIM125320,D04292
MIM605055,D04292
MIM126200,D04318
MIM140600,D04334
MIM165720,D04334
MIM208230,D04334
MIM607459,D04334
MIM607850,D04334
MIM145590,D04370
MIM233810,D04409
MIM102500,D04486
MIM166710,D04486
MIM208550,D04625
MIM210050,D04625
MIM600807,D04625
MIM254500,D04687
MIM106400,D04862
MIM109543,D04931
MIM151400,D04931
MIM191390,D04931
MIM247640,D04931
MIM266600,D04931
MIM125850,D04966
MIM125851,D04966
MIM125853,D04966
MIM176800,D04966
MIM184700,D04966
MIM600496,D04966
MIM143465,D04999
MIM230800,D05032
MIM604416,D05045
MIM103780,D05113
MIM110100,D05127
MIM157700,D05127
MIM161900,D05127
MIM608622,D05127
MIM208550,D05129
MIM600807,D05129
MIM131200,D05209
MIM192000,D05209
MIM604416,D05209
MIM147530,D05312
MIM181500,D05339
MIM115300,D05341
MIM277350,D05341
MIM109350,D05353
MIM190310,D05353
MIM600263,D05353
MIM147530,D05428
MIM264120,D05458
MIM303110,D05458
MIM601665,D05458
MIM233810,D05480
MIM603165,D05480
MIM208550,D05792
MIM600807,D05792
MIM236000,D05932
MIM155600,D06067
MIM155601,D06067
MIM276300,D06067
MIM144700,D06068
MIM605839,D06068
MIM102500,D06078
MIM166710,D06078
MIM606842,D06078
MIM601626,D06109
MIM161900,D06213
MIM178600,D06213
MIM109100,D06238
MIM254400,D06320
MIM276300,D06320
MIM144700,D06402
MIM605839,D06402
MIM192200,D06882
MIM260570,D07129
MIM147530,D07132
MIM115000,D07425
MIM179600,D07425
MIM260570,D07425
MIM119500,D07441
MIM126200,D07441
MIM168100,D07441
MIM264120,D07444
MIM601665,D07444
MIM143465,D07445
MIM161900,D07447
MIM208300,D07447
MIM215140,D07447
MIM608622,D07447
MIM144110,D07448
MIM147530,D07448
MIM252320,D07448
MIM125310,D07450
MIM145500,D07450
MIM161900,D07450
MIM179600,D07450
MIM608320,D07450
MIM608622,D07450
MIM607554,D07457
MIM168100,D07460
MIM168600,D07460
MIM276300,D07472
MIM143465,D07473
MIM144010,D07474
MIM266600,D07488
MIM208550,D07495
MIM600807,D07495
MIM146255,D07499
MIM161900,D07499
MIM608622,D07499
MIM125310,D07510
MIM540000,D07510
MIM601367,D07510
MIM125320,D07511
MIM168100,D07511
MIM168600,D07511
MIM264120,D07514
MIM303110,D07514
MIM601665,D07514
MIM161900,D07520
MIM608622,D07520
MIM137750,D07526
MIM161900,D07526
MIM608622,D07526
MIM109543,D07535
MIM155600,D07535
MIM155601,D07535
MIM236000,D07535
MIM247640,D07535
MIM267730,D07535
MIM273300,D07535
MIM115645,D07541
MIM212350,D07541
MIM145590,D07547
MIM147530,D07552
MIM143465,D07591
MIM167870,D07591
MIM264120,D07591
MIM104130,D07593
MIM156190,D07593
MIM165150,D07593
MIM167870,D07593
MIM259050,D07593
MIM300232,D07593
MIM137750,D07624
MIM161900,D07624
MIM608622,D07624
MIM140600,D07690
MIM147530,D07690
MIM165720,D07690
MIM208230,D07690
MIM607459,D07690
MIM607850,D07690
MIM103780,D07704
MIM131300,D07704
MIM164230,D07704
MIM167870,D07704
MIM182830,D07704
MIM225740,D07704
MIM225755,D07704
MIM260970,D07704
MIM608033,D07704
MIM125600,D07715
MIM151590,D07715
MIM191390,D07753
MIM208550,D07753
MIM600807,D07753
MIM147530,D07758
MIM157300,D07758
MIM160750,D07758
MIM200170,D07758
MIM601042,D07758
MIM113610,D07765
MIM147540,D07765
MIM157300,D07765
MIM181500,D07765
MIM218200,D07765
MIM300125,D07765
MIM312910,D07765
MIM606703,D07765
MIM606798,D07765
MIM148000,D07776
MIM223350,D07776
MIM247640,D07776
MIM276300,D07776
MIM601626,D07776
MIM143465,D07791
MIM147530,D07791
MIM147530,D07809
MIM106400,D07816
MIM140600,D07816
MIM147530,D07816
MIM150600,D07816
MIM165720,D07816
MIM208230,D07816
MIM308205,D07816
MIM607459,D07816
MIM607850,D07816
MIM304790,D07820
MIM600351,D07820
MIM145590,D07837
MIM157300,D07837
MIM300125,D07837
MIM161900,D07845
MIM179600,D07845
MIM607554,D07845
MIM608583,D07845
MIM608622,D07845
MIM145590,D07867
MIM146255,D07870
MIM161900,D07870
MIM166300,D07870
MIM310468,D07870
MIM137750,D07871
MIM137760,D07871
MIM161900,D07871
MIM601682,D07871
MIM147530,D07874
MIM161900,D07874
MIM179600,D07874
MIM200170,D07874
MIM600082,D07874
MIM608622,D07874
MIM147530,D07875
MIM603165,D07875
MIM146255,D07892
MIM608622,D07892
MIM115000,D07894
MIM114480,D07901
MIM276300,D07901
MIM157300,D07906
MIM300125,D07906
MIM144700,D07907
MIM164230,D07913
MIM161900,D07916
MIM608622,D07916
MIM109350,D07917
MIM190310,D07917
MIM600263,D07917
MIM155100,D07961
MIM231200,D07961
MIM273800,D07961
MIM607554,D07962
MIM157700,D07967
MIM252320,D07967
MIM181500,D07977
MIM144010,D07983
MIM164230,D07984
MIM167870,D07984
MIM114500,D07986
MIM176800,D07986
MIM259500,D07986
MIM208550,D07990
MIM210050,D07990
MIM600807,D07990
MIM217200,D07993
MIM239350,D07993
MIM157300,D07997
MIM146110,D08027
MIM143465,D08031
MIM161900,D08031
MIM608622,D08031
MIM147530,D08045
MIM608088,D08045
MIM147530,D08047
MIM608088,D08047
MIM145590,D08054
MIM147530,D08054
MIM223350,D08062
MIM247640,D08062
MIM601626,D08062
MIM143465,D08070
MIM147530,D08070
MIM167870,D08070
MIM600631,D08070
MIM600808,D08070
MIM114500,D08086
MIM223350,D08086
MIM246470,D08086
MIM276300,D08086
MIM147530,D08098
MIM147530,D08104
MIM308205,D08104
MIM110100,D08106
MIM157700,D08106
MIM161900,D08106
MIM171300,D08106
MIM608622,D08106
MIM131200,D08113
MIM150699,D08113
MIM175510,D08113
MIM176807,D08113
MIM600082,D08113
MIM601518,D08113
MIM604416,D08113
MIM276300,D08114
MIM137750,D08115
MIM155100,D08115
MIM161900,D08115
MIM231200,D08115
MIM273800,D08115
MIM147530,D08116
MIM166760,D08120
MIM208550,D08120
MIM138800,D08125
MIM140300,D08125
MIM255900,D08125
MIM275000,D08125
MIM138800,D08128
MIM140300,D08128
MIM255900,D08128
MIM275000,D08128
MIM143465,D08130
MIM300494,D08130
MIM181500,D08133
MIM145500,D08146
MIM146255,D08146
MIM161900,D08146
MIM608622,D08146
MIM104300,D08174
MIM125320,D08174
MIM605055,D08174
MIM143465,D08187
MIM264120,D08187
MIM303110,D08187
MIM601665,D08187
MIM147530,D08195
MIM106400,D08204
MIM161900,D08205
MIM608622,D08205
MIM115000,D08215
MIM146500,D08220
MIM157700,D08220
MIM252320,D08220
MIM109543,D08224
MIM126200,D08224
MIM147530,D08224
MIM176807,D08224
MIM236000,D08224
MIM247640,D08224
MIM267730,D08224
MIM601626,D08224
MIM146255,D08225
MIM161900,D08225
MIM608622,D08225
MIM208550,D08227
MIM233810,D08227
MIM600807,D08227
MIM208550,D08229
MIM210050,D08229
MIM600807,D08229
MIM208550,D08237
MIM147530,D08246
MIM157300,D08255
MIM157950,D08261
MIM254200,D08261
MIM161900,D08270
MIM608622,D08270
MIM143465,D08288
MIM147530,D08288
MIM167870,D08288
MIM252320,D08288
MIM600631,D08288
MIM600808,D08288
MIM147530,D08305
MIM157300,D08305
MIM160750,D08305
MIM200170,D08305
MIM147530,D08323
MIM168100,D08339
MIM168600,D08339
MIM147530,D08343
MIM264120,D08347
MIM303110,D08347
MIM601665,D08347
MIM171300,D08358
MIM155100,D08362
MIM161900,D08362
MIM171300,D08362
MIM231200,D08362
MIM273800,D08362
MIM608622,D08362
MIM137750,D08365
MIM137760,D08365
MIM145590,D08365
MIM146500,D08365
MIM147540,D08365
MIM601682,D08365
MIM608088,D08365
MIM147540,D08368
MIM264120,D08368
MIM303110,D08368
MIM601665,D08368
MIM608088,D08368
MIM125850,D08378
MIM125851,D08378
MIM125853,D08378
MIM600496,D08378
MIM208550,D08387
MIM600807,D08387
MIM147530,D08411
MIM157950,D08411
MIM161900,D08411
MIM179600,D08411
MIM200170,D08411
MIM600082,D08411
MIM608622,D08411
MIM115000,D08421
MIM607554,D08421
MIM608583,D08421
MIM147530,D08422
MIM125320,D08425
MIM168100,D08425
MIM168600,D08425
MIM607554,D08435
MIM110100,D08443
MIM115000,D08443
MIM140850,D08443
MIM157300,D08443
MIM157700,D08443
MIM161900,D08443
MIM171300,D08443
MIM190300,D08443
MIM300125,D08443
MIM608622,D08443
MIM145590,D08449
MIM208550,D08449
MIM600807,D08449
MIM608088,D08449
MIM217200,D08454
MIM239350,D08454
MIM164230,D08456
MIM181500,D08456
MIM115000,D08458
MIM607554,D08458
MIM608583,D08458
MIM200170,D08460
MIM109350,D08463
MIM190310,D08463
MIM600263,D08463
MIM102500,D08465
MIM114480,D08465
MIM166710,D08465
MIM147530,D08473
MIM102300,D08489
MIM125320,D08489
MIM168100,D08489
MIM168600,D08489
MIM604416,D08509
MIM264120,D08513
MIM303110,D08513
MIM601665,D08513
MIM125850,D08516
MIM125851,D08516
MIM125853,D08516
MIM600496,D08516
MIM114550,D08524
MIM144700,D08524
MIM188470,D08524
MIM605839,D08524
MIM607554,D08525
MIM608583,D08525
MIM104300,D08555
MIM125320,D08555
MIM605055,D08555
MIM147530,D08560
MIM200170,D08560
MIM310468,D08560
MIM600082,D08560
MIM144110,D08569
MIM147530,D08569
MIM157950,D08569
MIM161900,D08569
MIM200170,D08569
MIM600082,D08569
MIM608622,D08569
MIM208550,D08570
MIM210050,D08570
MIM600807,D08570
MIM143100,D08575
MIM217200,D08588
MIM188050,D08594
MIM608320,D08607
MIM157300,D08611
MIM160750,D08611
MIM190400,D08611
MIM200170,D08611
MIM601042,D08611
MIM182280,D08618
MIM276300,D08618
MIM102300,D08623
MIM147530,D08623
MIM181500,D08636
MIM168100,D08638
MIM131300,D08670
MIM143465,D08670
MIM147530,D08670
MIM164230,D08670
MIM167870,D08670
MIM607499,D08670
MIM114480,D08675
MIM148000,D08675
MIM188030,D08675
MIM236000,D08675
MIM254400,D08675
MIM273300,D08675
MIM276300,D08675
MIM109543,D08679
MIM194070,D08679
MIM223350,D08679
MIM236000,D08679
MIM246470,D08679
MIM247640,D08679
MIM254500,D08679
MIM256700,D08679
MIM267730,D08679
MIM268220,D08679
MIM276300,D08679
MIM601608,D08679
MIM601626,D08679
MIM236000,D08680
MIM107320,D08682
MIM125310,D08682
MIM540000,D08682
MIM601367,D08682
MIM607554,D08682
MIM608583,D08682
MIM137580,D08687
MIM181500,D08687
MIM600263,D08875
MIM137580,D10111
MIM145500,D10111
MIM161900,D10111
MIM608622,D10111
MIM191390,D10180
MIM226150,D10180