0,D00045,drug
1,D00059,drug
2,D00066,drug
3,D00067,drug
4,D00075,drug
5,D00076,drug
6,D00079,drug
7,D00088,drug
8,D00094,drug
9,D00095,drug
10,D00101,drug
11,D00105,drug
12,D00106,drug
13,D00107,drug
14,D00109,drug
15,D00110,drug
16,D00113,drug
17,D00118,drug
18,D00120,drug
19,D00124,drug
20,D00125,drug
21,D00126,drug
22,D00127,drug
23,D00129,drug
24,D00130,drug
25,D00131,drug
26,D00132,drug
27,D00136,drug
28,D00138,drug
29,D00141,drug
30,D00142,drug
31,D00147,drug
32,D00155,drug
33,D00181,drug
34,D00182,drug
35,D00184,drug
36,D00187,drug
37,D00188,drug
38,D00197,drug
39,D00216,drug
40,D00217,drug
41,D00218,drug
42,D00219,drug
43,D00224,drug
44,D00225,drug
45,D00227,drug
46,D00231,drug
47,D00234,drug
48,D00235,drug
49,D00241,drug
50,D00244,drug
51,D00246,drug
52,D00247,drug
53,D00249,drug
54,D00251,drug
55,D00252,drug
56,D00255,drug
57,D00267,drug
58,D00270,drug
59,D00271,drug
60,D00272,drug
61,D00274,drug
62,D00279,drug
63,D00280,drug
64,D00281,drug
65,D00283,drug
66,D00289,drug
67,D00291,drug
68,D00292,drug
69,D00293,drug
70,D00295,drug
71,D00298,drug
72,D00299,drug
73,D00300,drug
74,D00302,drug
75,D00303,drug
76,D00304,drug
77,D00306,drug
78,D00313,drug
79,D00315,drug
80,D00318,drug
81,D00319,drug
82,D00320,drug
83,D00321,drug
84,D00324,drug
85,D00327,drug
86,D00328,drug
87,D00330,drug
88,D00331,drug
89,D00332,drug
90,D00334,drug
91,D00335,drug
92,D00336,drug
93,D00340,drug
94,D00341,drug
95,D00345,drug
96,D00348,drug
97,D00349,drug
98,D00354,drug
99,D00355,drug
100,D00356,drug
101,D00358,drug
102,D00359,drug
103,D00362,drug
104,D00365,drug
105,D00371,drug
106,D00373,drug
107,D00374,drug
108,D00375,drug
109,D00376,drug
110,D00378,drug
111,D00379,drug
112,D00380,drug
113,D00382,drug
114,D00383,drug
115,D00385,drug
116,D00386,drug
117,D00390,drug
118,D00399,drug
119,D00400,drug
120,D00401,drug
121,D00403,drug
122,D00407,drug
123,D00411,drug
124,D00414,drug
125,D00415,drug
126,D00418,drug
127,D00419,drug
128,D00421,drug
129,D00422,drug
130,D00425,drug
131,D00426,drug
132,D00428,drug
133,D00431,drug
134,D00432,drug
135,D00434,drug
136,D00437,drug
137,D00438,drug
138,D00440,drug
139,D00442,drug
140,D00443,drug
141,D00451,drug
142,D00454,drug
143,D00455,drug
144,D00456,drug
145,D00463,drug
146,D00465,drug
147,D00469,drug
148,D00472,drug
149,D00473,drug
150,D00487,drug
151,D00491,drug
152,D00493,drug
153,D00494,drug
154,D00498,drug
155,D00506,drug
156,D00512,drug
157,D00513,drug
158,D00519,drug
159,D00521,drug
160,D00522,drug
161,D00523,drug
162,D00525,drug
163,D00528,drug
164,D00533,drug
165,D00535,drug
166,D00536,drug
167,D00537,drug
168,D00538,drug
169,D00539,drug
170,D00552,drug
171,D00553,drug
172,D00554,drug
173,D00555,drug
174,D00558,drug
175,D00559,drug
176,D00562,drug
177,D00565,drug
178,D00567,drug
179,D00568,drug
180,D00570,drug
181,D00573,drug
182,D00574,drug
183,D00577,drug
184,D00584,drug
185,D00586,drug
186,D00593,drug
187,D00594,drug
188,D00596,drug
189,D00602,drug
190,D00607,drug
191,D00613,drug
192,D00618,drug
193,D00622,drug
194,D00625,drug
195,D00627,drug
196,D00647,drug
197,D00648,drug
198,D00650,drug
199,D00652,drug
200,D00656,drug
201,D00670,drug
202,D00675,drug
203,D00680,drug
204,D00684,drug
205,D00685,drug
206,D00691,drug
207,D00709,drug
208,D00726,drug
209,D00732,drug
210,D00733,drug
211,D00754,drug
212,D00762,drug
213,D00769,drug
214,D00779,drug
215,D00781,drug
216,D00786,drug
217,D00788,drug
218,D00811,drug
219,D00823,drug
220,D00837,drug
221,D00842,drug
222,D00893,drug
223,D00939,drug
224,D00941,drug
225,D00942,drug
226,D00950,drug
227,D00951,drug
228,D00952,drug
229,D00960,drug
230,D00961,drug
231,D00962,drug
232,D00963,drug
233,D00964,drug
234,D00966,drug
235,D00968,drug
236,D00969,drug
237,D00987,drug
238,D01000,drug
239,D01001,drug
240,D01111,drug
241,D01112,drug
242,D01136,drug
243,D01161,drug
244,D01164,drug
245,D01179,drug
246,D01204,drug
247,D01223,drug
248,D01227,drug
249,D01367,drug
250,D01370,drug
251,D01441,drug
252,D01481,drug
253,D01599,drug
254,D01692,drug
255,D01703,drug
256,D01708,drug
257,D01820,drug
258,D01825,drug
259,D01844,drug
260,D01907,drug
261,D01915,drug
262,D01964,drug
263,D01968,drug
264,D01973,drug
265,D02008,drug
266,D02066,drug
267,D02076,drug
268,D02106,drug
269,D02147,drug
270,D02165,drug
271,D02212,drug
272,D02229,drug
273,D02237,drug
274,D02327,drug
275,D02338,drug
276,D02340,drug
277,D02341,drug
278,D02342,drug
279,D02349,drug
280,D02355,drug
281,D02356,drug
282,D02358,drug
283,D02360,drug
284,D02362,drug
285,D02367,drug
286,D02368,drug
287,D02374,drug
288,D02500,drug
289,D02562,drug
290,D02671,drug
291,D02697,drug
292,D02698,drug
293,D02709,drug
294,D02714,drug
295,D02716,drug
296,D02721,drug
297,D02724,drug
298,D02769,drug
299,D02780,drug
300,D02815,drug
301,D02824,drug
302,D02910,drug
303,D02980,drug
304,D03021,drug
305,D03106,drug
306,D03150,drug
307,D03165,drug
308,D03208,drug
309,D03546,drug
310,D03580,drug
311,D03621,drug
312,D03658,drug
313,D03665,drug
314,D03674,drug
315,D03696,drug
316,D03697,drug
317,D03730,drug
318,D03740,drug
319,D03742,drug
320,D03752,drug
321,D03753,drug
322,D03822,drug
323,D03858,drug
324,D03899,drug
325,D03917,drug
326,D04024,drug
327,D04028,drug
328,D04040,drug
329,D04066,drug
330,D04292,drug
331,D04318,drug
332,D04370,drug
333,D04409,drug
334,D04486,drug
335,D04625,drug
336,D04687,drug
337,D04862,drug
338,D04931,drug
339,D04966,drug
340,D04999,drug
341,D05032,drug
342,D05113,drug
343,D05127,drug
344,D05209,drug
345,D05312,drug
346,D05339,drug
347,D05353,drug
348,D05458,drug
349,D05480,drug
350,D05792,drug
351,D06068,drug
352,D06078,drug
353,D06109,drug
354,D06213,drug
355,D06238,drug
356,D06320,drug
357,D06402,drug
358,D07129,drug
359,D07132,drug
360,D07425,drug
361,D07441,drug
362,D07444,drug
363,D07445,drug
364,D07447,drug
365,D07448,drug
366,D07450,drug
367,D07457,drug
368,D07460,drug
369,D07472,drug
370,D07473,drug
371,D07474,drug
372,D07495,drug
373,D07499,drug
374,D07510,drug
375,D07511,drug
376,D07514,drug
377,D07520,drug
378,D07526,drug
379,D07541,drug
380,D07547,drug
381,D07552,drug
382,D07591,drug
383,D07593,drug
384,D07624,drug
385,D07704,drug
386,D07715,drug
387,D07765,drug
388,D07776,drug
389,D07791,drug
390,D07809,drug
391,D07816,drug
392,D07820,drug
393,D07837,drug
394,D07845,drug
395,D07867,drug
396,D07870,drug
397,D07871,drug
398,D07874,drug
399,D07875,drug
400,D07892,drug
401,D07894,drug
402,D07901,drug
403,D07906,drug
404,D07907,drug
405,D07913,drug
406,D07916,drug
407,D07917,drug
408,D07961,drug
409,D07962,drug
410,D07967,drug
411,D07977,drug
412,D07983,drug
413,D07984,drug
414,D07990,drug
415,D07993,drug
416,D07997,drug
417,D08027,drug
418,D08031,drug
419,D08045,drug
420,D08047,drug
421,D08054,drug
422,D08062,drug
423,D08070,drug
424,D08086,drug
425,D08098,drug
426,D08104,drug
427,D08106,drug
428,D08113,drug
429,D08115,drug
430,D08116,drug
431,D08125,drug
432,D08128,drug
433,D08130,drug
434,D08146,drug
435,D08174,drug
436,D08187,drug
437,D08195,drug
438,D08205,drug
439,D08215,drug
440,D08220,drug
441,D08224,drug
442,D08225,drug
443,D08227,drug
444,D08229,drug
445,D08246,drug
446,D08255,drug
447,D08261,drug
448,D08270,drug
449,D08288,drug
450,D08305,drug
451,D08323,drug
452,D08339,drug
453,D08343,drug
454,D08347,drug
455,D08358,drug
456,D08362,drug
457,D08365,drug
458,D08368,drug
459,D08378,drug
460,D08387,drug
461,D08411,drug
462,D08421,drug
463,D08422,drug
464,D08425,drug
465,D08435,drug
466,D08443,drug
467,D08449,drug
468,D08456,drug
469,D08458,drug
470,D08463,drug
471,D08465,drug
472,D08473,drug
473,D08489,drug
474,D08509,drug
475,D08513,drug
476,D08516,drug
477,D08524,drug
478,D08525,drug
479,D08555,drug
480,D08560,drug
481,D08569,drug
482,D08570,drug
483,D08575,drug
484,D08588,drug
485,D08594,drug
486,D08607,drug
487,D08611,drug
488,D08618,drug
489,D08623,drug
490,D08636,drug
491,D08638,drug
492,D08670,drug
493,D08675,drug
494,D08679,drug
495,D08680,drug
496,D08682,drug
497,D08687,drug
498,D10111,drug
499,D10180,drug
500,MIM102300,disease
501,MIM102500,disease
502,MIM103780,disease
503,MIM104300,disease
504,MIM107320,disease
505,MIM109200,disease
506,MIM109350,disease
507,MIM109543,disease
508,MIM109800,disease
509,MIM110100,disease
510,MIM114480,disease
511,MIM114500,disease
512,MIM114550,disease
513,MIM114580,disease
514,MIM115195,disease
515,MIM119500,disease
516,MIM121200,disease
517,MIM121201,disease
518,MIM125310,disease
519,MIM125700,disease
520,MIM125850,disease
521,MIM125851,disease
522,MIM125852,disease
523,MIM125853,disease
524,MIM126200,disease
525,MIM127750,disease
526,MIM128101,disease
527,MIM131200,disease
528,MIM131300,disease
529,MIM131440,disease
530,MIM133239,disease
531,MIM137215,disease
532,MIM137580,disease
533,MIM137750,disease
534,MIM137760,disease
535,MIM137800,disease
536,MIM138800,disease
537,MIM140300,disease
538,MIM140600,disease
539,MIM143100,disease
540,MIM143465,disease
541,MIM143500,disease
542,MIM143880,disease
543,MIM144010,disease
544,MIM144110,disease
545,MIM144650,disease
546,MIM144700,disease
547,MIM145500,disease
548,MIM145600,disease
549,MIM146110,disease
550,MIM146255,disease
551,MIM146850,disease
552,MIM147480,disease
553,MIM148000,disease
554,MIM150600,disease
555,MIM150699,disease
556,MIM152700,disease
557,MIM153880,disease
558,MIM155100,disease
559,MIM155600,disease
560,MIM155601,disease
561,MIM157300,disease
562,MIM157700,disease
563,MIM161900,disease
564,MIM164230,disease
565,MIM165720,disease
566,MIM166300,disease
567,MIM166710,disease
568,MIM166760,disease
569,MIM167320,disease
570,MIM167870,disease
571,MIM168600,disease
572,MIM171300,disease
573,MIM173200,disease
574,MIM174800,disease
575,MIM175100,disease
576,MIM176807,disease
577,MIM178600,disease
578,MIM181000,disease
579,MIM181500,disease
580,MIM182000,disease
581,MIM182280,disease
582,MIM184700,disease
583,MIM187950,disease
584,MIM188030,disease
585,MIM188050,disease
586,MIM188470,disease
587,MIM189800,disease
588,MIM190300,disease
589,MIM191390,disease
590,MIM194070,disease
591,MIM194200,disease
592,MIM203700,disease
593,MIM208085,disease
594,MIM208230,disease
595,MIM208550,disease
596,MIM208920,disease
597,MIM211980,disease
598,MIM212110,disease
599,MIM212112,disease
600,MIM212350,disease
601,MIM215140,disease
602,MIM218800,disease
603,MIM227300,disease
604,MIM230800,disease
605,MIM231090,disease
606,MIM231200,disease
607,MIM236000,disease
608,MIM237450,disease
609,MIM237500,disease
610,MIM246300,disease
611,MIM247640,disease
612,MIM249100,disease
613,MIM254450,disease
614,MIM254500,disease
615,MIM254770,disease
616,MIM254800,disease
617,MIM256370,disease
618,MIM256700,disease
619,MIM259500,disease
620,MIM263300,disease
621,MIM263800,disease
622,MIM266600,disease
623,MIM268220,disease
624,MIM270960,disease
625,MIM273300,disease
626,MIM273800,disease
627,MIM275000,disease
628,MIM276300,disease
629,MIM277440,disease
630,MIM277460,disease
631,MIM300125,disease
632,MIM300491,disease
633,MIM300494,disease
634,MIM303110,disease
635,MIM304790,disease
636,MIM308205,disease
637,MIM308350,disease
638,MIM308600,disease
639,MIM310468,disease
640,MIM311360,disease
641,MIM600131,disease
642,MIM600263,disease
643,MIM600496,disease
644,MIM600631,disease
645,MIM600634,disease
646,MIM600807,disease
647,MIM600808,disease
648,MIM601042,disease
649,MIM601367,disease
650,MIM601518,disease
651,MIM601626,disease
652,MIM601665,disease
653,MIM601682,disease
654,MIM602080,disease
655,MIM602522,disease
656,MIM603165,disease
657,MIM604416,disease
658,MIM604827,disease
659,MIM605021,disease
660,MIM606703,disease
661,MIM606798,disease
662,MIM607225,disease
663,MIM607459,disease
664,MIM607498,disease
665,MIM607499,disease
666,MIM607501,disease
667,MIM607508,disease
668,MIM607516,disease
669,MIM607554,disease
670,MIM607628,disease
671,MIM607631,disease
672,MIM607681,disease
673,MIM607682,disease
674,MIM607685,disease
675,MIM607850,disease
676,MIM608033,disease
677,MIM608088,disease
678,MIM608105,disease
679,MIM608320,disease
680,MIM608583,disease
681,MIM608622,disease
682,100,gene
683,10013,gene
684,10014,gene
685,10060,gene
686,10280,gene
687,10381,gene
688,10382,gene
689,10383,gene
690,10800,gene
691,10846,gene
692,111,gene
693,11238,gene
694,11261,gene
695,1128,gene
696,11280,gene
697,1129,gene
698,1131,gene
699,1132,gene
700,1133,gene
701,1137,gene
702,1141,gene
703,116443,gene
704,116444,gene
705,1181,gene
706,125,gene
707,126,gene
708,1268,gene
709,1269,gene
710,1312,gene
711,134,gene
712,135,gene
713,136,gene
714,140,gene
715,1435,gene
716,146,gene
717,147,gene
718,148,gene
719,1493,gene
720,150,gene
721,151,gene
722,152,gene
723,153,gene
724,154,gene
725,155,gene
726,1577,gene
727,1588,gene
728,1636,gene
729,1644,gene
730,170572,gene
731,1719,gene
732,1728,gene
733,1733,gene
734,1734,gene
735,1786,gene
736,1788,gene
737,1789,gene
738,18,gene
739,1803,gene
740,1812,gene
741,1813,gene
742,1814,gene
743,1815,gene
744,1816,gene
745,185,gene
746,1909,gene
747,1910,gene
748,1956,gene
749,1969,gene
750,200909,gene
751,203068,gene
752,2064,gene
753,207,gene
754,208,gene
755,2099,gene
756,2100,gene
757,2147,gene
758,2157,gene
759,2159,gene
760,217,gene
761,219,gene
762,2213,gene
763,2224,gene
764,224,gene
765,2260,gene
766,2261,gene
767,2263,gene
768,2321,gene
769,2322,gene
770,2324,gene
771,23632,gene
772,240,gene
773,241,gene
774,2475,gene
775,25,gene
776,2534,gene
777,2548,gene
778,2550,gene
779,2554,gene
780,2555,gene
781,2556,gene
782,2557,gene
783,2558,gene
784,2559,gene
785,2560,gene
786,2561,gene
787,2562,gene
788,2563,gene
789,2564,gene
790,2565,gene
791,2566,gene
792,2567,gene
793,2568,gene
794,2571,gene
795,2572,gene
796,2595,gene
797,2618,gene
798,2629,gene
799,2642,gene
800,2645,gene
801,2677,gene
802,2692,gene
803,27115,gene
804,279,gene
805,2796,gene
806,2798,gene
807,280,gene
808,285242,gene
809,2890,gene
810,2891,gene
811,2892,gene
812,2893,gene
813,2897,gene
814,2898,gene
815,2899,gene
816,2900,gene
817,2901,gene
818,2902,gene
819,2903,gene
820,2904,gene
821,2905,gene
822,2906,gene
823,2908,gene
824,3053,gene
825,3065,gene
826,3066,gene
827,3105,gene
828,3106,gene
829,3107,gene
830,3108,gene
831,3109,gene
832,3111,gene
833,3112,gene
834,3113,gene
835,3115,gene
836,3117,gene
837,3118,gene
838,3119,gene
839,3122,gene
840,3123,gene
841,3125,gene
842,3127,gene
843,3133,gene
844,3134,gene
845,3135,gene
846,3156,gene
847,3251,gene
848,3269,gene
849,3274,gene
850,3350,gene
851,3351,gene
852,3352,gene
853,3356,gene
854,3357,gene
855,3358,gene
856,3359,gene
857,3360,gene
858,3362,gene
859,338,gene
860,3459,gene
861,347733,gene
862,3479,gene
863,3553,gene
864,3569,gene
865,3593,gene
866,3596,gene
867,3643,gene
868,367,gene
869,3674,gene
870,3690,gene
871,3717,gene
872,3741,gene
873,3752,gene
874,3757,gene
875,3760,gene
876,3762,gene
877,3764,gene
878,3767,gene
879,3768,gene
880,377677,gene
881,3779,gene
882,3784,gene
883,3785,gene
884,3786,gene
885,3791,gene
886,3815,gene
887,3932,gene
888,3990,gene
889,4128,gene
890,4129,gene
891,4137,gene
892,4160,gene
893,4233,gene
894,43,gene
895,4306,gene
896,4352,gene
897,4544,gene
898,462,gene
899,4624,gene
900,476,gene
901,477,gene
902,478,gene
903,480,gene
904,4843,gene
905,4846,gene
906,495,gene
907,4953,gene
908,496,gene
909,4985,gene
910,4986,gene
911,4988,gene
912,50940,gene
913,51284,gene
914,5133,gene
915,5136,gene
916,5137,gene
917,5138,gene
918,5139,gene
919,5140,gene
920,5141,gene
921,5142,gene
922,5143,gene
923,5144,gene
924,5150,gene
925,5151,gene
926,5153,gene
927,5156,gene
928,51564,gene
929,5159,gene
930,5241,gene
931,5290,gene
932,5320,gene
933,5340,gene
934,5371,gene
935,5406,gene
936,5407,gene
937,5408,gene
938,5422,gene
939,5465,gene
940,5468,gene
941,552,gene
942,553,gene
943,5530,gene
944,5532,gene
945,5533,gene
946,5534,gene
947,5535,gene
948,554,gene
949,5562,gene
950,5563,gene
951,55799,gene
952,5583,gene
953,55869,gene
954,55879,gene
955,5617,gene
956,5663,gene
957,5693,gene
958,5732,gene
959,5733,gene
960,5734,gene
961,5737,gene
962,5739,gene
963,5742,gene
964,5743,gene
965,5745,gene
966,5770,gene
967,5894,gene
968,590,gene
969,5914,gene
970,5915,gene
971,5916,gene
972,595,gene
973,5972,gene
974,5979,gene
975,6240,gene
976,6241,gene
977,6256,gene
978,6257,gene
979,6258,gene
980,6261,gene
981,6323,gene
982,6326,gene
983,6328,gene
984,6329,gene
985,6331,gene
986,6334,gene
987,6335,gene
988,6336,gene
989,6337,gene
990,6338,gene
991,6340,gene
992,6401,gene
993,64127,gene
994,64805,gene
995,6529,gene
996,6530,gene
997,6531,gene
998,6532,gene
999,6557,gene
1000,6558,gene
1001,6559,gene
1002,6560,gene
1003,6570,gene
1004,6571,gene
1005,659,gene
1006,6622,gene
1007,6714,gene
1008,6716,gene
1009,673,gene
1010,6752,gene
1011,6790,gene
1012,6833,gene
1013,6870,gene
1014,7015,gene
1015,7040,gene
1016,7054,gene
1017,7067,gene
1018,7068,gene
1019,7097,gene
1020,7099,gene
1021,7124,gene
1022,7150,gene
1023,7153,gene
1024,7155,gene
1025,7157,gene
1026,7173,gene
1027,7298,gene
1028,7357,gene
1029,7421,gene
1030,7498,gene
1031,7525,gene
1032,759,gene
1033,760,gene
1034,761,gene
1035,762,gene
1036,763,gene
1037,765,gene
1038,766,gene
1039,767,gene
1040,768,gene
1041,771,gene
1042,775,gene
1043,776,gene
1044,778,gene
1045,779,gene
1046,781,gene
1047,79001,gene
1048,7915,gene
1049,7941,gene
1050,79885,gene
1051,799,gene
1052,81027,gene
1053,83933,gene
1054,8513,gene
1055,8622,gene
1056,8654,gene
1057,8841,gene
1058,8911,gene
1059,8912,gene
1060,8913,gene
1061,8972,gene
1062,9177,gene
1063,9254,gene
1064,93589,gene
1065,9568,gene
1066,9734,gene
1067,9759,gene
1068,9900,gene
